test,n,s,lf,total_size
ofs,2,1,1,1152
ofs,2,1,8,1152
ofs,2,1,16,1152
ofs,2,1,32,1152
omap,2,0,0,1424
ofs,2,2,1,944
ofs,2,2,8,1152
ofs,2,2,16,1152
ofs,2,2,32,1152
omap,2,0,0,4272
ofs,2,3,1,944
ofs,2,3,8,1152
ofs,2,3,16,1152
ofs,2,3,32,1152
omap,2,0,0,9968
ofs,2,4,1,944
ofs,2,4,8,1152
ofs,2,4,16,1152
ofs,2,4,32,1152
omap,2,0,0,21360
ofs,2,5,1,944
ofs,2,5,8,1152
ofs,2,5,16,1152
ofs,2,5,32,1152
omap,2,0,0,44144
ofs,2,6,1,944
ofs,2,6,8,1152
ofs,2,6,16,1152
ofs,2,6,32,1152
omap,2,0,0,89712
ofs,2,7,1,944
ofs,2,7,8,1152
ofs,2,7,16,1152
ofs,2,7,32,1152
omap,2,0,0,180848
ofs,2,8,1,944
ofs,2,8,8,1152
ofs,2,8,16,1152
ofs,2,8,32,1152
omap,2,0,0,363120
ofs,2,9,1,944
ofs,2,9,8,1152
ofs,2,9,16,1152
ofs,2,9,32,1152
omap,2,0,0,727664
ofs,2,10,1,944
ofs,2,10,8,1152
ofs,2,10,16,1152
ofs,2,10,32,1152
omap,2,0,0,1456752
ofs,2,11,1,944
ofs,2,11,8,1152
ofs,2,11,16,1152
ofs,2,11,32,1152
omap,2,0,0,2914928
ofs,2,12,1,944
ofs,2,12,8,1152
ofs,2,12,16,1152
ofs,2,12,32,1152
omap,2,0,0,5831280
ofs,2,13,1,944
ofs,2,13,8,1152
ofs,2,13,16,1152
ofs,2,13,32,1152
omap,2,0,0,11663984
ofs,2,14,1,944
ofs,2,14,8,1152
ofs,2,14,16,1152
ofs,2,14,32,1152
omap,2,0,0,23329392
ofs,2,15,1,944
ofs,2,15,8,1152
ofs,2,15,16,1152
ofs,2,15,32,1152
omap,2,0,0,46660208
ofs,2,16,1,944
ofs,2,16,8,1152
ofs,2,16,16,1152
ofs,2,16,32,1152
omap,2,0,0,93321840
ofs,2,17,1,944
ofs,2,17,8,1152
ofs,2,17,16,1152
ofs,2,17,32,1152
omap,2,0,0,186645104
ofs,2,18,1,944
ofs,2,18,8,1152
ofs,2,18,16,1152
ofs,2,18,32,1152
omap,2,0,0,373291632
ofs,2,19,1,944
ofs,2,19,8,1152
ofs,2,19,16,1152
ofs,2,19,32,1152
omap,2,0,0,746584688
ofs,2,20,1,944
ofs,2,20,8,1152
ofs,2,20,16,1152
ofs,2,20,32,1152
omap,2,0,0,1493170800
ofs,2,21,1,944
ofs,2,21,8,1152
ofs,2,21,16,1152
ofs,2,21,32,1152
omap,2,0,0,2986343024
ofs,2,22,1,944
ofs,2,22,8,1152
ofs,2,22,16,1152
ofs,2,22,32,1152
omap,2,0,0,5972687472
ofs,2,23,1,944
ofs,2,23,8,1152
ofs,2,23,16,1152
ofs,2,23,32,1152
omap,2,0,0,11945376368
ofs,2,24,1,944
ofs,2,24,8,1152
ofs,2,24,16,1152
ofs,2,24,32,1152
omap,2,0,0,23890754160
ofs,4,1,1,2736
ofs,4,1,8,2736
ofs,4,1,16,2736
ofs,4,1,32,2736
omap,4,0,0,1424
ofs,4,2,1,2736
ofs,4,2,8,2736
ofs,4,2,16,2736
ofs,4,2,32,2736
omap,4,0,0,4272
ofs,4,3,1,2112
ofs,4,3,8,2736
ofs,4,3,16,2736
ofs,4,3,32,2736
omap,4,0,0,9968
ofs,4,4,1,2112
ofs,4,4,8,2736
ofs,4,4,16,2736
ofs,4,4,32,2736
omap,4,0,0,21360
ofs,4,5,1,2112
ofs,4,5,8,2736
ofs,4,5,16,2736
ofs,4,5,32,2736
omap,4,0,0,44144
ofs,4,6,1,2112
ofs,4,6,8,2736
ofs,4,6,16,2736
ofs,4,6,32,2736
omap,4,0,0,89712
ofs,4,7,1,2112
ofs,4,7,8,2736
ofs,4,7,16,2736
ofs,4,7,32,2736
omap,4,0,0,180848
ofs,4,8,1,2112
ofs,4,8,8,2736
ofs,4,8,16,2736
ofs,4,8,32,2736
omap,4,0,0,363120
ofs,4,9,1,2112
ofs,4,9,8,2736
ofs,4,9,16,2736
ofs,4,9,32,2736
omap,4,0,0,727664
ofs,4,10,1,2112
ofs,4,10,8,2736
ofs,4,10,16,2736
ofs,4,10,32,2736
omap,4,0,0,1456752
ofs,4,11,1,2112
ofs,4,11,8,2736
ofs,4,11,16,2736
ofs,4,11,32,2736
omap,4,0,0,2914928
ofs,4,12,1,2112
ofs,4,12,8,2736
ofs,4,12,16,2736
ofs,4,12,32,2736
omap,4,0,0,5831280
ofs,4,13,1,2112
ofs,4,13,8,2736
ofs,4,13,16,2736
ofs,4,13,32,2736
omap,4,0,0,11663984
ofs,4,14,1,2112
ofs,4,14,8,2736
ofs,4,14,16,2736
ofs,4,14,32,2736
omap,4,0,0,23329392
ofs,4,15,1,2112
ofs,4,15,8,2736
ofs,4,15,16,2736
ofs,4,15,32,2736
omap,4,0,0,46660208
ofs,4,16,1,2112
ofs,4,16,8,2736
ofs,4,16,16,2736
ofs,4,16,32,2736
omap,4,0,0,93321840
ofs,4,17,1,2112
ofs,4,17,8,2736
ofs,4,17,16,2736
ofs,4,17,32,2736
omap,4,0,0,186645104
ofs,4,18,1,2112
ofs,4,18,8,2736
ofs,4,18,16,2736
ofs,4,18,32,2736
omap,4,0,0,373291632
ofs,4,19,1,2112
ofs,4,19,8,2736
ofs,4,19,16,2736
ofs,4,19,32,2736
omap,4,0,0,746584688
ofs,4,20,1,2112
ofs,4,20,8,2736
ofs,4,20,16,2736
ofs,4,20,32,2736
omap,4,0,0,1493170800
ofs,4,21,1,2112
ofs,4,21,8,2736
ofs,4,21,16,2736
ofs,4,21,32,2736
omap,4,0,0,2986343024
ofs,4,22,1,2112
ofs,4,22,8,2736
ofs,4,22,16,2736
ofs,4,22,32,2736
omap,4,0,0,5972687472
ofs,4,23,1,2112
ofs,4,23,8,2736
ofs,4,23,16,2736
ofs,4,23,32,2736
omap,4,0,0,11945376368
ofs,4,24,1,2112
ofs,4,24,8,2736
ofs,4,24,16,2736
ofs,4,24,32,2736
omap,4,0,0,23890754160
ofs,8,1,1,5920
ofs,8,1,8,5920
ofs,8,1,16,5920
ofs,8,1,32,5920
omap,8,0,0,1424
ofs,8,2,1,5920
ofs,8,2,8,5920
ofs,8,2,16,5920
ofs,8,2,32,5920
omap,8,0,0,4272
ofs,8,3,1,5920
ofs,8,3,8,5920
ofs,8,3,16,5920
ofs,8,3,32,5920
omap,8,0,0,9968
ofs,8,4,1,4464
ofs,8,4,8,5920
ofs,8,4,16,5920
ofs,8,4,32,5920
omap,8,0,0,21360
ofs,8,5,1,4464
ofs,8,5,8,5920
ofs,8,5,16,5920
ofs,8,5,32,5920
omap,8,0,0,44144
ofs,8,6,1,4464
ofs,8,6,8,5920
ofs,8,6,16,5920
ofs,8,6,32,5920
omap,8,0,0,89712
ofs,8,7,1,4464
ofs,8,7,8,5920
ofs,8,7,16,5920
ofs,8,7,32,5920
omap,8,0,0,180848
ofs,8,8,1,4464
ofs,8,8,8,5920
ofs,8,8,16,5920
ofs,8,8,32,5920
omap,8,0,0,363120
ofs,8,9,1,4464
ofs,8,9,8,5920
ofs,8,9,16,5920
ofs,8,9,32,5920
omap,8,0,0,727664
ofs,8,10,1,4464
ofs,8,10,8,5920
ofs,8,10,16,5920
ofs,8,10,32,5920
omap,8,0,0,1456752
ofs,8,11,1,4464
ofs,8,11,8,5920
ofs,8,11,16,5920
ofs,8,11,32,5920
omap,8,0,0,2914928
ofs,8,12,1,4464
ofs,8,12,8,5920
ofs,8,12,16,5920
ofs,8,12,32,5920
omap,8,0,0,5831280
ofs,8,13,1,4464
ofs,8,13,8,5920
ofs,8,13,16,5920
ofs,8,13,32,5920
omap,8,0,0,11663984
ofs,8,14,1,4464
ofs,8,14,8,5920
ofs,8,14,16,5920
ofs,8,14,32,5920
omap,8,0,0,23329392
ofs,8,15,1,4464
ofs,8,15,8,5920
ofs,8,15,16,5920
ofs,8,15,32,5920
omap,8,0,0,46660208
ofs,8,16,1,4464
ofs,8,16,8,5920
ofs,8,16,16,5920
ofs,8,16,32,5920
omap,8,0,0,93321840
ofs,8,17,1,4464
ofs,8,17,8,5920
ofs,8,17,16,5920
ofs,8,17,32,5920
omap,8,0,0,186645104
ofs,8,18,1,4464
ofs,8,18,8,5920
ofs,8,18,16,5920
ofs,8,18,32,5920
omap,8,0,0,373291632
ofs,8,19,1,4464
ofs,8,19,8,5920
ofs,8,19,16,5920
ofs,8,19,32,5920
omap,8,0,0,746584688
ofs,8,20,1,4464
ofs,8,20,8,5920
ofs,8,20,16,5920
ofs,8,20,32,5920
omap,8,0,0,1493170800
ofs,8,21,1,4464
ofs,8,21,8,5920
ofs,8,21,16,5920
ofs,8,21,32,5920
omap,8,0,0,2986343024
ofs,8,22,1,4464
ofs,8,22,8,5920
ofs,8,22,16,5920
ofs,8,22,32,5920
omap,8,0,0,5972687472
ofs,8,23,1,4464
ofs,8,23,8,5920
ofs,8,23,16,5920
ofs,8,23,32,5920
omap,8,0,0,11945376368
ofs,8,24,1,4464
ofs,8,24,8,5920
ofs,8,24,16,5920
ofs,8,24,32,5920
omap,8,0,0,23890754160
ofs,16,1,1,12288
ofs,16,1,8,12288
ofs,16,1,16,12288
ofs,16,1,32,12288
omap,16,0,0,1424
ofs,16,2,1,12288
ofs,16,2,8,12288
ofs,16,2,16,12288
ofs,16,2,32,12288
omap,16,0,0,4272
ofs,16,3,1,12288
ofs,16,3,8,12288
ofs,16,3,16,12288
ofs,16,3,32,12288
omap,16,0,0,9968
ofs,16,4,1,12288
ofs,16,4,8,12288
ofs,16,4,16,12288
ofs,16,4,32,12288
omap,16,0,0,21360
ofs,16,5,1,9168
ofs,16,5,8,12288
ofs,16,5,16,12288
ofs,16,5,32,12288
omap,16,0,0,44144
ofs,16,6,1,9168
ofs,16,6,8,12288
ofs,16,6,16,12288
ofs,16,6,32,12288
omap,16,0,0,89712
ofs,16,7,1,9168
ofs,16,7,8,12288
ofs,16,7,16,12288
ofs,16,7,32,12288
omap,16,0,0,180848
ofs,16,8,1,9168
ofs,16,8,8,12288
ofs,16,8,16,12288
ofs,16,8,32,12288
omap,16,0,0,363120
ofs,16,9,1,9168
ofs,16,9,8,12288
ofs,16,9,16,12288
ofs,16,9,32,12288
omap,16,0,0,727664
ofs,16,10,1,9168
ofs,16,10,8,12288
ofs,16,10,16,12288
ofs,16,10,32,12288
omap,16,0,0,1456752
ofs,16,11,1,9168
ofs,16,11,8,12288
ofs,16,11,16,12288
ofs,16,11,32,12288
omap,16,0,0,2914928
ofs,16,12,1,9168
ofs,16,12,8,12288
ofs,16,12,16,12288
ofs,16,12,32,12288
omap,16,0,0,5831280
ofs,16,13,1,9168
ofs,16,13,8,12288
ofs,16,13,16,12288
ofs,16,13,32,12288
omap,16,0,0,11663984
ofs,16,14,1,9168
ofs,16,14,8,12288
ofs,16,14,16,12288
ofs,16,14,32,12288
omap,16,0,0,23329392
ofs,16,15,1,9168
ofs,16,15,8,12288
ofs,16,15,16,12288
ofs,16,15,32,12288
omap,16,0,0,46660208
ofs,16,16,1,9168
ofs,16,16,8,12288
ofs,16,16,16,12288
ofs,16,16,32,12288
omap,16,0,0,93321840
ofs,16,17,1,9168
ofs,16,17,8,12288
ofs,16,17,16,12288
ofs,16,17,32,12288
omap,16,0,0,186645104
ofs,16,18,1,9168
ofs,16,18,8,12288
ofs,16,18,16,12288
ofs,16,18,32,12288
omap,16,0,0,373291632
ofs,16,19,1,9168
ofs,16,19,8,12288
ofs,16,19,16,12288
ofs,16,19,32,12288
omap,16,0,0,746584688
ofs,16,20,1,9168
ofs,16,20,8,12288
ofs,16,20,16,12288
ofs,16,20,32,12288
omap,16,0,0,1493170800
ofs,16,21,1,9168
ofs,16,21,8,12288
ofs,16,21,16,12288
ofs,16,21,32,12288
omap,16,0,0,2986343024
ofs,16,22,1,9168
ofs,16,22,8,12288
ofs,16,22,16,12288
ofs,16,22,32,12288
omap,16,0,0,5972687472
ofs,16,23,1,9168
ofs,16,23,8,12288
ofs,16,23,16,12288
ofs,16,23,32,12288
omap,16,0,0,11945376368
ofs,16,24,1,9168
ofs,16,24,8,12288
ofs,16,24,16,12288
ofs,16,24,32,12288
omap,16,0,0,23890754160
ofs,32,1,1,25024
ofs,32,1,8,25024
ofs,32,1,16,25024
ofs,32,1,32,68448
omap,32,0,0,1424
ofs,32,2,1,78592
ofs,32,2,8,78592
ofs,32,2,16,78592
ofs,32,2,32,68448
omap,32,0,0,4272
ofs,32,3,1,78592
ofs,32,3,8,78592
ofs,32,3,16,78592
ofs,32,3,32,68448
omap,32,0,0,9968
ofs,32,4,1,78592
ofs,32,4,8,78592
ofs,32,4,16,78592
ofs,32,4,32,68448
omap,32,0,0,21360
ofs,32,5,1,78592
ofs,32,5,8,78592
ofs,32,5,16,78592
ofs,32,5,32,68448
omap,32,0,0,44144
ofs,32,6,1,64704
ofs,32,6,8,78592
ofs,32,6,16,78592
ofs,32,6,32,68448
omap,32,0,0,89712
ofs,32,7,1,64704
ofs,32,7,8,78592
ofs,32,7,16,78592
ofs,32,7,32,68448
omap,32,0,0,180848
ofs,32,8,1,64704
ofs,32,8,8,78592
ofs,32,8,16,78592
ofs,32,8,32,68448
omap,32,0,0,363120
ofs,32,9,1,64704
ofs,32,9,8,78592
ofs,32,9,16,78592
ofs,32,9,32,68448
omap,32,0,0,727664
ofs,32,10,1,64704
ofs,32,10,8,78592
ofs,32,10,16,78592
ofs,32,10,32,68448
omap,32,0,0,1456752
ofs,32,11,1,64704
ofs,32,11,8,78592
ofs,32,11,16,78592
ofs,32,11,32,68448
omap,32,0,0,2914928
ofs,32,12,1,64704
ofs,32,12,8,78592
ofs,32,12,16,78592
ofs,32,12,32,68448
omap,32,0,0,5831280
ofs,32,13,1,64704
ofs,32,13,8,78592
ofs,32,13,16,78592
ofs,32,13,32,68448
omap,32,0,0,11663984
ofs,32,14,1,64704
ofs,32,14,8,78592
ofs,32,14,16,78592
ofs,32,14,32,68448
omap,32,0,0,23329392
ofs,32,15,1,64704
ofs,32,15,8,78592
ofs,32,15,16,78592
ofs,32,15,32,68448
omap,32,0,0,46660208
ofs,32,16,1,64704
ofs,32,16,8,78592
ofs,32,16,16,78592
ofs,32,16,32,68448
omap,32,0,0,93321840
ofs,32,17,1,64704
ofs,32,17,8,78592
ofs,32,17,16,78592
ofs,32,17,32,68448
omap,32,0,0,186645104
ofs,32,18,1,64704
ofs,32,18,8,78592
ofs,32,18,16,78592
ofs,32,18,32,68448
omap,32,0,0,373291632
ofs,32,19,1,64704
ofs,32,19,8,78592
ofs,32,19,16,78592
ofs,32,19,32,68448
omap,32,0,0,746584688
ofs,32,20,1,64704
ofs,32,20,8,78592
ofs,32,20,16,78592
ofs,32,20,32,68448
omap,32,0,0,1493170800
ofs,32,21,1,64704
ofs,32,21,8,78592
ofs,32,21,16,78592
ofs,32,21,32,68448
omap,32,0,0,2986343024
ofs,32,22,1,64704
ofs,32,22,8,78592
ofs,32,22,16,78592
ofs,32,22,32,68448
omap,32,0,0,5972687472
ofs,32,23,1,64704
ofs,32,23,8,78592
ofs,32,23,16,78592
ofs,32,23,32,68448
omap,32,0,0,11945376368
ofs,32,24,1,64704
ofs,32,24,8,78592
ofs,32,24,16,78592
ofs,32,24,32,68448
omap,32,0,0,23890754160
ofs,64,1,1,50496
ofs,64,1,8,50496
ofs,64,1,16,50496
ofs,64,1,32,50496
omap,64,0,0,1424
ofs,64,2,1,159360
ofs,64,2,8,159360
ofs,64,2,16,159360
ofs,64,2,32,159360
omap,64,0,0,4272
ofs,64,3,1,159360
ofs,64,3,8,159360
ofs,64,3,16,159360
ofs,64,3,32,159360
omap,64,0,0,9968
ofs,64,4,1,159360
ofs,64,4,8,159360
ofs,64,4,16,159360
ofs,64,4,32,159360
omap,64,0,0,21360
ofs,64,5,1,159360
ofs,64,5,8,159360
ofs,64,5,16,159360
ofs,64,5,32,159360
omap,64,0,0,44144
ofs,64,6,1,159360
ofs,64,6,8,159360
ofs,64,6,16,159360
ofs,64,6,32,159360
omap,64,0,0,89712
ofs,64,7,1,214464
ofs,64,7,8,159360
ofs,64,7,16,159360
ofs,64,7,32,159360
omap,64,0,0,180848
ofs,64,8,1,214464
ofs,64,8,8,159360
ofs,64,8,16,159360
ofs,64,8,32,159360
omap,64,0,0,363120
ofs,64,9,1,214464
ofs,64,9,8,159360
ofs,64,9,16,159360
ofs,64,9,32,159360
omap,64,0,0,727664
ofs,64,10,1,214464
ofs,64,10,8,159360
ofs,64,10,16,159360
ofs,64,10,32,159360
omap,64,0,0,1456752
ofs,64,11,1,214464
ofs,64,11,8,159360
ofs,64,11,16,159360
ofs,64,11,32,159360
omap,64,0,0,2914928
ofs,64,12,1,214464
ofs,64,12,8,159360
ofs,64,12,16,159360
ofs,64,12,32,159360
omap,64,0,0,5831280
ofs,64,13,1,214464
ofs,64,13,8,159360
ofs,64,13,16,159360
ofs,64,13,32,159360
omap,64,0,0,11663984
ofs,64,14,1,214464
ofs,64,14,8,159360
ofs,64,14,16,159360
ofs,64,14,32,159360
omap,64,0,0,23329392
ofs,64,15,1,214464
ofs,64,15,8,159360
ofs,64,15,16,159360
ofs,64,15,32,159360
omap,64,0,0,46660208
ofs,64,16,1,214464
ofs,64,16,8,159360
ofs,64,16,16,159360
ofs,64,16,32,159360
omap,64,0,0,93321840
ofs,64,17,1,214464
ofs,64,17,8,159360
ofs,64,17,16,159360
ofs,64,17,32,159360
omap,64,0,0,186645104
ofs,64,18,1,214464
ofs,64,18,8,159360
ofs,64,18,16,159360
ofs,64,18,32,159360
omap,64,0,0,373291632
ofs,64,19,1,214464
ofs,64,19,8,159360
ofs,64,19,16,159360
ofs,64,19,32,159360
omap,64,0,0,746584688
ofs,64,20,1,214464
ofs,64,20,8,159360
ofs,64,20,16,159360
ofs,64,20,32,159360
omap,64,0,0,1493170800
ofs,64,21,1,214464
ofs,64,21,8,159360
ofs,64,21,16,159360
ofs,64,21,32,159360
omap,64,0,0,2986343024
ofs,64,22,1,214464
ofs,64,22,8,159360
ofs,64,22,16,159360
ofs,64,22,32,159360
omap,64,0,0,5972687472
ofs,64,23,1,214464
ofs,64,23,8,159360
ofs,64,23,16,159360
ofs,64,23,32,159360
omap,64,0,0,11945376368
ofs,64,24,1,214464
ofs,64,24,8,159360
ofs,64,24,16,159360
ofs,64,24,32,159360
omap,64,0,0,23890754160
ofs,128,1,1,101440
ofs,128,1,8,101440
ofs,128,1,16,101440
ofs,128,1,32,101440
omap,128,0,0,1424
ofs,128,2,1,320896
ofs,128,2,8,320896
ofs,128,2,16,320896
ofs,128,2,32,320896
omap,128,0,0,4272
ofs,128,3,1,320896
ofs,128,3,8,320896
ofs,128,3,16,320896
ofs,128,3,32,660592
omap,128,0,0,9968
ofs,128,4,1,320896
ofs,128,4,8,660592
ofs,128,4,16,660592
ofs,128,4,32,660592
omap,128,0,0,21360
ofs,128,5,1,320896
ofs,128,5,8,660592
ofs,128,5,16,660592
ofs,128,5,32,660592
omap,128,0,0,44144
ofs,128,6,1,660592
ofs,128,6,8,660592
ofs,128,6,16,660592
ofs,128,6,32,660592
omap,128,0,0,89712
ofs,128,7,1,660592
ofs,128,7,8,660592
ofs,128,7,16,660592
ofs,128,7,32,660592
omap,128,0,0,180848
ofs,128,8,1,591072
ofs,128,8,8,660592
ofs,128,8,16,660592
ofs,128,8,32,660592
omap,128,0,0,363120
ofs,128,9,1,591072
ofs,128,9,8,660592
ofs,128,9,16,660592
ofs,128,9,32,660592
omap,128,0,0,727664
ofs,128,10,1,591072
ofs,128,10,8,660592
ofs,128,10,16,660592
ofs,128,10,32,660592
omap,128,0,0,1456752
ofs,128,11,1,591072
ofs,128,11,8,660592
ofs,128,11,16,660592
ofs,128,11,32,660592
omap,128,0,0,2914928
ofs,128,12,1,591072
ofs,128,12,8,660592
ofs,128,12,16,660592
ofs,128,12,32,660592
omap,128,0,0,5831280
ofs,128,13,1,591072
ofs,128,13,8,660592
ofs,128,13,16,660592
ofs,128,13,32,660592
omap,128,0,0,11663984
ofs,128,14,1,591072
ofs,128,14,8,660592
ofs,128,14,16,660592
ofs,128,14,32,660592
omap,128,0,0,23329392
ofs,128,15,1,591072
ofs,128,15,8,660592
ofs,128,15,16,660592
ofs,128,15,32,660592
omap,128,0,0,46660208
ofs,128,16,1,591072
ofs,128,16,8,660592
ofs,128,16,16,660592
ofs,128,16,32,660592
omap,128,0,0,93321840
ofs,128,17,1,591072
ofs,128,17,8,660592
ofs,128,17,16,660592
ofs,128,17,32,660592
omap,128,0,0,186645104
ofs,128,18,1,591072
ofs,128,18,8,660592
ofs,128,18,16,660592
ofs,128,18,32,660592
omap,128,0,0,373291632
ofs,128,19,1,591072
ofs,128,19,8,660592
ofs,128,19,16,660592
ofs,128,19,32,660592
omap,128,0,0,746584688
ofs,128,20,1,591072
ofs,128,20,8,660592
ofs,128,20,16,660592
ofs,128,20,32,660592
omap,128,0,0,1493170800
ofs,128,21,1,591072
ofs,128,21,8,660592
ofs,128,21,16,660592
ofs,128,21,32,660592
omap,128,0,0,2986343024
ofs,128,22,1,591072
ofs,128,22,8,660592
ofs,128,22,16,660592
ofs,128,22,32,660592
omap,128,0,0,5972687472
ofs,128,23,1,591072
ofs,128,23,8,660592
ofs,128,23,16,660592
ofs,128,23,32,660592
omap,128,0,0,11945376368
ofs,128,24,1,591072
ofs,128,24,8,660592
ofs,128,24,16,660592
ofs,128,24,32,660592
omap,128,0,0,23890754160
ofs,256,1,1,203328
ofs,256,1,8,203328
ofs,256,1,16,203328
ofs,256,1,32,203328
omap,256,0,0,1424
ofs,256,2,1,643968
ofs,256,2,8,643968
ofs,256,2,16,643968
ofs,256,2,32,643968
omap,256,0,0,4272
ofs,256,3,1,643968
ofs,256,3,8,643968
ofs,256,3,16,1294128
ofs,256,3,32,1294128
omap,256,0,0,9968
ofs,256,4,1,643968
ofs,256,4,8,1294128
ofs,256,4,16,1328752
ofs,256,4,32,1978912
omap,256,0,0,21360
ofs,256,5,1,1294128
ofs,256,5,8,1328752
ofs,256,5,16,1978912
ofs,256,5,32,1978912
omap,256,0,0,44144
ofs,256,6,1,1294128
ofs,256,6,8,1978912
ofs,256,6,16,1978912
ofs,256,6,32,1978912
omap,256,0,0,89712
ofs,256,7,1,1328752
ofs,256,7,8,1978912
ofs,256,7,16,1978912
ofs,256,7,32,1978912
omap,256,0,0,180848
ofs,256,8,1,1978912
ofs,256,8,8,1978912
ofs,256,8,16,1978912
ofs,256,8,32,1978912
omap,256,0,0,363120
ofs,256,9,1,1498176
ofs,256,9,8,1978912
ofs,256,9,16,1978912
ofs,256,9,32,1978912
omap,256,0,0,727664
ofs,256,10,1,1498176
ofs,256,10,8,1978912
ofs,256,10,16,1978912
ofs,256,10,32,1978912
omap,256,0,0,1456752
ofs,256,11,1,1498176
ofs,256,11,8,1978912
ofs,256,11,16,1978912
ofs,256,11,32,1978912
omap,256,0,0,2914928
ofs,256,12,1,1498176
ofs,256,12,8,1978912
ofs,256,12,16,1978912
ofs,256,12,32,1978912
omap,256,0,0,5831280
ofs,256,13,1,1498176
ofs,256,13,8,1978912
ofs,256,13,16,1978912
ofs,256,13,32,1978912
omap,256,0,0,11663984
ofs,256,14,1,1498176
ofs,256,14,8,1978912
ofs,256,14,16,1978912
ofs,256,14,32,1978912
omap,256,0,0,23329392
ofs,256,15,1,1498176
ofs,256,15,8,1978912
ofs,256,15,16,1978912
ofs,256,15,32,1978912
omap,256,0,0,46660208
ofs,256,16,1,1498176
ofs,256,16,8,1978912
ofs,256,16,16,1978912
ofs,256,16,32,1978912
omap,256,0,0,93321840
ofs,256,17,1,1498176
ofs,256,17,8,1978912
ofs,256,17,16,1978912
ofs,256,17,32,1978912
omap,256,0,0,186645104
ofs,256,18,1,1498176
ofs,256,18,8,1978912
ofs,256,18,16,1978912
ofs,256,18,32,1978912
omap,256,0,0,373291632
ofs,256,19,1,1498176
ofs,256,19,8,1978912
ofs,256,19,16,1978912
ofs,256,19,32,1978912
omap,256,0,0,746584688
ofs,256,20,1,1498176
ofs,256,20,8,1978912
ofs,256,20,16,1978912
ofs,256,20,32,1978912
omap,256,0,0,1493170800
ofs,256,21,1,1498176
ofs,256,21,8,1978912
ofs,256,21,16,1978912
ofs,256,21,32,1978912
omap,256,0,0,2986343024
ofs,256,22,1,1498176
ofs,256,22,8,1978912
ofs,256,22,16,1978912
ofs,256,22,32,1978912
omap,256,0,0,5972687472
ofs,256,23,1,1498176
ofs,256,23,8,1978912
ofs,256,23,16,1978912
ofs,256,23,32,1978912
omap,256,0,0,11945376368
ofs,256,24,1,1498176
ofs,256,24,8,1978912
ofs,256,24,16,1978912
ofs,256,24,32,1978912
omap,256,0,0,23890754160
ofs,512,1,1,407104
ofs,512,1,8,407104
ofs,512,1,16,407104
ofs,512,1,32,407104
omap,512,0,0,1424
ofs,512,2,1,1290112
ofs,512,2,8,1290112
ofs,512,2,16,1290112
ofs,512,2,32,1290112
omap,512,0,0,4272
ofs,512,3,1,1290112
ofs,512,3,8,2561200
ofs,512,3,16,2561200
ofs,512,3,32,2600752
omap,512,0,0,9968
ofs,512,4,1,2561200
ofs,512,4,8,2600752
ofs,512,4,16,3871840
ofs,512,4,32,3936160
omap,512,0,0,21360
ofs,512,5,1,2600752
ofs,512,5,8,3871840
ofs,512,5,16,3936160
ofs,512,5,32,5246800
omap,512,0,0,44144
ofs,512,6,1,2600752
ofs,512,6,8,3975712
ofs,512,6,16,5246800
ofs,512,6,32,5246800
omap,512,0,0,89712
ofs,512,7,1,3871840
ofs,512,7,8,5246800
ofs,512,7,16,5246800
ofs,512,7,32,5246800
omap,512,0,0,180848
ofs,512,8,1,3936160
ofs,512,8,8,5246800
ofs,512,8,16,5246800
ofs,512,8,32,5246800
omap,512,0,0,363120
ofs,512,9,1,5246800
ofs,512,9,8,5246800
ofs,512,9,16,5246800
ofs,512,9,32,5246800
omap,512,0,0,727664
ofs,512,10,1,3619872
ofs,512,10,8,5246800
ofs,512,10,16,5246800
ofs,512,10,32,5246800
omap,512,0,0,1456752
ofs,512,11,1,3619872
ofs,512,11,8,5246800
ofs,512,11,16,5246800
ofs,512,11,32,5246800
omap,512,0,0,2914928
ofs,512,12,1,3619872
ofs,512,12,8,5246800
ofs,512,12,16,5246800
ofs,512,12,32,5246800
omap,512,0,0,5831280
ofs,512,13,1,3619872
ofs,512,13,8,5246800
ofs,512,13,16,5246800
ofs,512,13,32,5246800
omap,512,0,0,11663984
ofs,512,14,1,3619872
ofs,512,14,8,5246800
ofs,512,14,16,5246800
ofs,512,14,32,5246800
omap,512,0,0,23329392
ofs,512,15,1,3619872
ofs,512,15,8,5246800
ofs,512,15,16,5246800
ofs,512,15,32,5246800
omap,512,0,0,46660208
ofs,512,16,1,3619872
ofs,512,16,8,5246800
ofs,512,16,16,5246800
ofs,512,16,32,5246800
omap,512,0,0,93321840
ofs,512,17,1,3619872
ofs,512,17,8,5246800
ofs,512,17,16,5246800
ofs,512,17,32,5246800
omap,512,0,0,186645104
ofs,512,18,1,3619872
ofs,512,18,8,5246800
ofs,512,18,16,5246800
ofs,512,18,32,5246800
omap,512,0,0,373291632
ofs,512,19,1,3619872
ofs,512,19,8,5246800
ofs,512,19,16,5246800
ofs,512,19,32,5246800
omap,512,0,0,746584688
ofs,512,20,1,3619872
ofs,512,20,8,5246800
ofs,512,20,16,5246800
ofs,512,20,32,5246800
omap,512,0,0,1493170800
ofs,512,21,1,3619872
ofs,512,21,8,5246800
ofs,512,21,16,5246800
ofs,512,21,32,5246800
omap,512,0,0,2986343024
ofs,512,22,1,3619872
ofs,512,22,8,5246800
ofs,512,22,16,5246800
ofs,512,22,32,5246800
omap,512,0,0,5972687472
ofs,512,23,1,3619872
ofs,512,23,8,5246800
ofs,512,23,16,5246800
ofs,512,23,32,5246800
omap,512,0,0,11945376368
ofs,512,24,1,3619872
ofs,512,24,8,5246800
ofs,512,24,16,5246800
ofs,512,24,32,5246800
omap,512,0,0,23890754160
ofs,1024,1,1,814656
ofs,1024,1,8,814656
ofs,1024,1,16,814656
ofs,1024,1,32,814656
omap,1024,0,0,1424
ofs,1024,2,1,2582400
ofs,1024,2,8,2582400
ofs,1024,2,16,2582400
ofs,1024,2,32,2582400
omap,1024,0,0,4272
ofs,1024,3,1,2582400
ofs,1024,3,8,5095344
ofs,1024,3,16,5144752
ofs,1024,3,32,5144752
omap,1024,0,0,9968
ofs,1024,4,1,5144752
ofs,1024,4,8,5214000
ofs,1024,4,16,7726944
ofs,1024,4,32,7776352
omap,1024,0,0,21360
ofs,1024,5,1,5144752
ofs,1024,5,8,7726944
ofs,1024,5,16,7776352
ofs,1024,5,32,10413008
omap,1024,0,0,44144
ofs,1024,6,1,7726944
ofs,1024,6,8,10413008
ofs,1024,6,16,10482256
ofs,1024,6,32,13044608
omap,1024,0,0,89712
ofs,1024,7,1,7776352
ofs,1024,7,8,10531664
ofs,1024,7,16,13044608
ofs,1024,7,32,13044608
omap,1024,0,0,180848
ofs,1024,8,1,10413008
ofs,1024,8,8,13044608
ofs,1024,8,16,13044608
ofs,1024,8,32,13044608
omap,1024,0,0,363120
ofs,1024,9,1,10413008
ofs,1024,9,8,13044608
ofs,1024,9,16,13044608
ofs,1024,9,32,13044608
omap,1024,0,0,727664
ofs,1024,10,1,13044608
ofs,1024,10,8,13044608
ofs,1024,10,16,13044608
ofs,1024,10,32,13044608
omap,1024,0,0,1456752
ofs,1024,11,1,8477952
ofs,1024,11,8,13044608
ofs,1024,11,16,13044608
ofs,1024,11,32,13044608
omap,1024,0,0,2914928
ofs,1024,12,1,8477952
ofs,1024,12,8,13044608
ofs,1024,12,16,13044608
ofs,1024,12,32,13044608
omap,1024,0,0,5831280
ofs,1024,13,1,8477952
ofs,1024,13,8,13044608
ofs,1024,13,16,13044608
ofs,1024,13,32,13044608
omap,1024,0,0,11663984
ofs,1024,14,1,8477952
ofs,1024,14,8,13044608
ofs,1024,14,16,13044608
ofs,1024,14,32,13044608
omap,1024,0,0,23329392
ofs,1024,15,1,8477952
ofs,1024,15,8,13044608
ofs,1024,15,16,13044608
ofs,1024,15,32,13044608
omap,1024,0,0,46660208
ofs,1024,16,1,8477952
ofs,1024,16,8,13044608
ofs,1024,16,16,13044608
ofs,1024,16,32,13044608
omap,1024,0,0,93321840
ofs,1024,17,1,8477952
ofs,1024,17,8,13044608
ofs,1024,17,16,13044608
ofs,1024,17,32,13044608
omap,1024,0,0,186645104
ofs,1024,18,1,8477952
ofs,1024,18,8,13044608
ofs,1024,18,16,13044608
ofs,1024,18,32,13044608
omap,1024,0,0,373291632
ofs,1024,19,1,8477952
ofs,1024,19,8,13044608
ofs,1024,19,16,13044608
ofs,1024,19,32,13044608
omap,1024,0,0,746584688
ofs,1024,20,1,8477952
ofs,1024,20,8,13044608
ofs,1024,20,16,13044608
ofs,1024,20,32,13044608
omap,1024,0,0,1493170800
ofs,1024,21,1,8477952
ofs,1024,21,8,13044608
ofs,1024,21,16,13044608
ofs,1024,21,32,13044608
omap,1024,0,0,2986343024
ofs,1024,22,1,8477952
ofs,1024,22,8,13044608
ofs,1024,22,16,13044608
ofs,1024,22,32,13044608
omap,1024,0,0,5972687472
ofs,1024,23,1,8477952
ofs,1024,23,8,13044608
ofs,1024,23,16,13044608
ofs,1024,23,32,13044608
omap,1024,0,0,11945376368
ofs,1024,24,1,8477952
ofs,1024,24,8,13044608
ofs,1024,24,16,13044608
ofs,1024,24,32,13044608
omap,1024,0,0,23890754160
ofs,2048,1,1,1629760
ofs,2048,1,8,1629760
ofs,2048,1,16,1629760
ofs,2048,1,32,1629760
omap,2048,0,0,1424
ofs,2048,2,1,5166976
ofs,2048,2,8,5166976
ofs,2048,2,16,5166976
ofs,2048,2,32,5166976
omap,2048,0,0,4272
ofs,2048,3,1,5166976
ofs,2048,3,8,10232752
ofs,2048,3,16,10232752
ofs,2048,3,32,10311856
omap,2048,0,0,9968
ofs,2048,4,1,10232752
ofs,2048,4,8,15308512
ofs,2048,4,16,15437152
ofs,2048,4,32,15506272
omap,2048,0,0,21360
ofs,2048,5,1,10311856
ofs,2048,5,8,15506272
ofs,2048,5,16,20502928
ofs,2048,5,32,20582032
omap,2048,0,0,44144
ofs,2048,6,1,15506272
ofs,2048,6,8,20582032
ofs,2048,6,16,20893648
ofs,2048,6,32,26018944
omap,2048,0,0,89712
ofs,2048,7,1,15506272
ofs,2048,7,8,25890304
ofs,2048,7,16,26098048
ofs,2048,7,32,31163824
omap,2048,0,0,180848
ofs,2048,8,1,20582032
ofs,2048,8,8,26098048
ofs,2048,8,16,31163824
ofs,2048,8,32,31163824
omap,2048,0,0,363120
ofs,2048,9,1,20893648
ofs,2048,9,8,31163824
ofs,2048,9,16,31163824
ofs,2048,9,32,31163824
omap,2048,0,0,727664
ofs,2048,10,1,26018944
ofs,2048,10,8,31163824
ofs,2048,10,16,31163824
ofs,2048,10,32,31163824
omap,2048,0,0,1456752
ofs,2048,11,1,26167168
ofs,2048,11,8,31163824
ofs,2048,11,16,31163824
ofs,2048,11,32,31163824
omap,2048,0,0,2914928
ofs,2048,12,1,19423200
ofs,2048,12,8,31163824
ofs,2048,12,16,31163824
ofs,2048,12,32,31163824
omap,2048,0,0,5831280
ofs,2048,13,1,19423200
ofs,2048,13,8,31163824
ofs,2048,13,16,31163824
ofs,2048,13,32,31163824
omap,2048,0,0,11663984
ofs,2048,14,1,19423200
ofs,2048,14,8,31163824
ofs,2048,14,16,31163824
ofs,2048,14,32,31163824
omap,2048,0,0,23329392
ofs,2048,15,1,19423200
ofs,2048,15,8,31163824
ofs,2048,15,16,31163824
ofs,2048,15,32,31163824
omap,2048,0,0,46660208
ofs,2048,16,1,19423200
ofs,2048,16,8,31163824
ofs,2048,16,16,31163824
ofs,2048,16,32,31163824
omap,2048,0,0,93321840
ofs,2048,17,1,19423200
ofs,2048,17,8,31163824
ofs,2048,17,16,31163824
ofs,2048,17,32,31163824
omap,2048,0,0,186645104
ofs,2048,18,1,19423200
ofs,2048,18,8,31163824
ofs,2048,18,16,31163824
ofs,2048,18,32,31163824
omap,2048,0,0,373291632
ofs,2048,19,1,19423200
ofs,2048,19,8,31163824
ofs,2048,19,16,31163824
ofs,2048,19,32,31163824
omap,2048,0,0,746584688
ofs,2048,20,1,19423200
ofs,2048,20,8,31163824
ofs,2048,20,16,31163824
ofs,2048,20,32,31163824
omap,2048,0,0,1493170800
ofs,2048,21,1,19423200
ofs,2048,21,8,31163824
ofs,2048,21,16,31163824
ofs,2048,21,32,31163824
omap,2048,0,0,2986343024
ofs,2048,22,1,19423200
ofs,2048,22,8,31163824
ofs,2048,22,16,31163824
ofs,2048,22,32,31163824
omap,2048,0,0,5972687472
ofs,2048,23,1,19423200
ofs,2048,23,8,31163824
ofs,2048,23,16,31163824
ofs,2048,23,32,31163824
omap,2048,0,0,11945376368
ofs,2048,24,1,19423200
ofs,2048,24,8,31163824
ofs,2048,24,16,31163824
ofs,2048,24,32,31163824
omap,2048,0,0,23890754160
ofs,4096,1,1,3259968
ofs,4096,1,8,3259968
ofs,4096,1,16,3259968
ofs,4096,1,32,3259968
omap,4096,0,0,1424
ofs,4096,2,1,10336128
ofs,4096,2,8,10336128
ofs,4096,2,16,10336128
ofs,4096,2,32,10336128
omap,4096,0,0,4272
ofs,4096,3,1,20300208
ofs,4096,3,8,20408752
ofs,4096,3,16,20507568
ofs,4096,3,32,20507568
omap,4096,0,0,9968
ofs,4096,4,1,20507568
ofs,4096,4,8,30610144
ofs,4096,4,16,30718688
ofs,4096,4,32,30966112
omap,4096,0,0,21360
ofs,4096,5,1,30610144
ofs,4096,5,8,30966112
ofs,4096,5,16,41029008
ofs,4096,5,32,41137552
omap,4096,0,0,44144
ofs,4096,6,1,30966112
ofs,4096,6,8,41137552
ofs,4096,6,16,51240128
ofs,4096,6,32,51819008
omap,4096,0,0,89712
ofs,4096,7,1,41029008
ofs,4096,7,8,51240128
ofs,4096,7,16,51927552
ofs,4096,7,32,62277552
omap,4096,0,0,180848
ofs,4096,8,1,41276048
ofs,4096,8,8,61891632
ofs,4096,8,16,62277552
ofs,4096,8,32,72448992
omap,4096,0,0,363120
ofs,4096,9,1,51240128
ofs,4096,9,8,62277552
ofs,4096,9,16,72448992
ofs,4096,9,32,72448992
omap,4096,0,0,727664
ofs,4096,10,1,51927552
ofs,4096,10,8,72448992
ofs,4096,10,16,72448992
ofs,4096,10,32,72448992
omap,4096,0,0,1456752
ofs,4096,11,1,62139056
ofs,4096,11,8,72448992
ofs,4096,11,16,72448992
ofs,4096,11,32,72448992
omap,4096,0,0,2914928
ofs,4096,12,1,62484912
ofs,4096,12,8,72448992
ofs,4096,12,16,72448992
ofs,4096,12,32,72448992
omap,4096,0,0,5831280
ofs,4096,13,1,43771584
ofs,4096,13,8,72448992
ofs,4096,13,16,72448992
ofs,4096,13,32,72448992
omap,4096,0,0,11663984
ofs,4096,14,1,43771584
ofs,4096,14,8,72448992
ofs,4096,14,16,72448992
ofs,4096,14,32,72448992
omap,4096,0,0,23329392
ofs,4096,15,1,43771584
ofs,4096,15,8,72448992
ofs,4096,15,16,72448992
ofs,4096,15,32,72448992
omap,4096,0,0,46660208
ofs,4096,16,1,43771584
ofs,4096,16,8,72448992
ofs,4096,16,16,72448992
ofs,4096,16,32,72448992
omap,4096,0,0,93321840
ofs,4096,17,1,43771584
ofs,4096,17,8,72448992
ofs,4096,17,16,72448992
ofs,4096,17,32,72448992
omap,4096,0,0,186645104
ofs,4096,18,1,43771584
ofs,4096,18,8,72448992
ofs,4096,18,16,72448992
ofs,4096,18,32,72448992
omap,4096,0,0,373291632
ofs,4096,19,1,43771584
ofs,4096,19,8,72448992
ofs,4096,19,16,72448992
ofs,4096,19,32,72448992
omap,4096,0,0,746584688
ofs,4096,20,1,43771584
ofs,4096,20,8,72448992
ofs,4096,20,16,72448992
ofs,4096,20,32,72448992
omap,4096,0,0,1493170800
ofs,4096,21,1,43771584
ofs,4096,21,8,72448992
ofs,4096,21,16,72448992
ofs,4096,21,32,72448992
omap,4096,0,0,2986343024
ofs,4096,22,1,43771584
ofs,4096,22,8,72448992
ofs,4096,22,16,72448992
ofs,4096,22,32,72448992
omap,4096,0,0,5972687472
ofs,4096,23,1,43771584
ofs,4096,23,8,72448992
ofs,4096,23,16,72448992
ofs,4096,23,32,72448992
omap,4096,0,0,11945376368
ofs,4096,24,1,43771584
ofs,4096,24,8,72448992
ofs,4096,24,16,72448992
ofs,4096,24,32,72448992
omap,4096,0,0,23890754160
ofs,8192,1,1,6520384
ofs,8192,1,8,6520384
ofs,8192,1,16,6520384
ofs,8192,1,32,6520384
omap,8192,0,0,1424
ofs,8192,2,1,20674432
ofs,8192,2,8,20674432
ofs,8192,2,16,20674432
ofs,8192,2,32,20674432
omap,8192,0,0,4272
ofs,8192,3,1,40573360
ofs,8192,3,8,40898992
ofs,8192,3,16,40898992
ofs,8192,3,32,41057200
omap,8192,0,0,9968
ofs,8192,4,1,41057200
ofs,8192,4,8,61213408
ofs,8192,4,16,61400800
ofs,8192,4,32,61539040
omap,8192,0,0,21360
ofs,8192,5,1,61213408
ofs,8192,5,8,61539040
ofs,8192,5,16,81922960
ofs,8192,5,32,82268560
omap,8192,0,0,44144
ofs,8192,6,1,61539040
ofs,8192,6,8,82268560
ofs,8192,6,16,102305728
ofs,8192,6,32,102750400
omap,8192,0,0,89712
ofs,8192,7,1,82081168
ofs,8192,7,8,102563008
ofs,8192,7,16,102750400
ofs,8192,7,32,123900976
omap,8192,0,0,180848
ofs,8192,8,1,102167488
ofs,8192,8,8,123762736
ofs,8192,8,16,124088368
ofs,8192,8,32,144729568
omap,8192,0,0,363120
ofs,8192,9,1,102563008
ofs,8192,9,8,124088368
ofs,8192,9,16,144729568
ofs,8192,9,32,165112336
omap,8192,0,0,727664
ofs,8192,10,1,123762736
ofs,8192,10,8,144887776
ofs,8192,10,16,165112336
ofs,8192,10,32,165112336
omap,8192,0,0,1456752
ofs,8192,11,1,124088368
ofs,8192,11,8,165112336
ofs,8192,11,16,165112336
ofs,8192,11,32,165112336
omap,8192,0,0,2914928
ofs,8192,12,1,144472288
ofs,8192,12,8,165112336
ofs,8192,12,16,165112336
ofs,8192,12,32,165112336
omap,8192,0,0,5831280
ofs,8192,13,1,145213408
ofs,8192,13,8,165112336
ofs,8192,13,16,165112336
ofs,8192,13,32,165112336
omap,8192,0,0,11663984
ofs,8192,14,1,97383840
ofs,8192,14,8,165112336
ofs,8192,14,16,165112336
ofs,8192,14,32,165112336
omap,8192,0,0,23329392
ofs,8192,15,1,97383840
ofs,8192,15,8,165112336
ofs,8192,15,16,165112336
ofs,8192,15,32,165112336
omap,8192,0,0,46660208
ofs,8192,16,1,97383840
ofs,8192,16,8,165112336
ofs,8192,16,16,165112336
ofs,8192,16,32,165112336
omap,8192,0,0,93321840
ofs,8192,17,1,97383840
ofs,8192,17,8,165112336
ofs,8192,17,16,165112336
ofs,8192,17,32,165112336
omap,8192,0,0,186645104
ofs,8192,18,1,97383840
ofs,8192,18,8,165112336
ofs,8192,18,16,165112336
ofs,8192,18,32,165112336
omap,8192,0,0,373291632
ofs,8192,19,1,97383840
ofs,8192,19,8,165112336
ofs,8192,19,16,165112336
ofs,8192,19,32,165112336
omap,8192,0,0,746584688
ofs,8192,20,1,97383840
ofs,8192,20,8,165112336
ofs,8192,20,16,165112336
ofs,8192,20,32,165112336
omap,8192,0,0,1493170800
ofs,8192,21,1,97383840
ofs,8192,21,8,165112336
ofs,8192,21,16,165112336
ofs,8192,21,32,165112336
omap,8192,0,0,2986343024
ofs,8192,22,1,97383840
ofs,8192,22,8,165112336
ofs,8192,22,16,165112336
ofs,8192,22,32,165112336
omap,8192,0,0,5972687472
ofs,8192,23,1,97383840
ofs,8192,23,8,165112336
ofs,8192,23,16,165112336
ofs,8192,23,32,165112336
omap,8192,0,0,11945376368
ofs,8192,24,1,97383840
ofs,8192,24,8,165112336
ofs,8192,24,16,165112336
ofs,8192,24,32,165112336
omap,8192,0,0,23890754160
ofs,16384,1,1,13041216
ofs,16384,1,8,13041216
ofs,16384,1,16,13041216
ofs,16384,1,32,13041216
omap,16384,0,0,1424
ofs,16384,2,1,41351040
ofs,16384,2,8,41351040
ofs,16384,2,16,41351040
ofs,16384,2,32,41351040
omap,16384,0,0,4272
ofs,16384,3,1,81464752
ofs,16384,3,8,81681840
ofs,16384,3,16,81879472
ofs,16384,3,32,81879472
omap,16384,0,0,9968
ofs,16384,4,1,81879472
ofs,16384,4,8,122270176
ofs,16384,4,16,122765024
ofs,16384,4,32,122982112
omap,16384,0,0,21360
ofs,16384,5,1,122270176
ofs,16384,5,8,162750736
ofs,16384,5,16,162948368
ofs,16384,5,32,164253584
omap,16384,0,0,44144
ofs,16384,6,1,162750736
ofs,16384,6,8,164530576
ofs,16384,6,16,204516288
ofs,16384,6,32,205059008
omap,16384,0,0,89712
ofs,16384,7,1,164253584
ofs,16384,7,8,204861376
ofs,16384,7,16,245322480
ofs,16384,7,32,245539568
omap,16384,0,0,180848
ofs,16384,8,1,204516288
ofs,16384,8,8,245539568
ofs,16384,8,16,248067120
ofs,16384,8,32,288250464
omap,16384,0,0,363120
ofs,16384,9,1,205059008
ofs,16384,9,8,287835744
ofs,16384,9,16,288250464
ofs,16384,9,32,329819152
omap,16384,0,0,727664
ofs,16384,10,1,245539568
ofs,16384,10,8,289555680
ofs,16384,10,16,330096144
ofs,16384,10,32,370624576
omap,16384,0,0,1456752
ofs,16384,11,1,287835744
ofs,16384,11,8,330096144
ofs,16384,11,16,370624576
ofs,16384,11,32,370624576
omap,16384,0,0,2914928
ofs,16384,12,1,288250464
ofs,16384,12,8,370624576
ofs,16384,12,16,370624576
ofs,16384,12,32,370624576
omap,16384,0,0,5831280
ofs,16384,13,1,329324304
ofs,16384,13,8,370624576
ofs,16384,13,16,370624576
ofs,16384,13,32,370624576
omap,16384,0,0,11663984
ofs,16384,14,1,330510864
ofs,16384,14,8,370624576
ofs,16384,14,16,370624576
ofs,16384,14,32,370624576
omap,16384,0,0,23329392
ofs,16384,15,1,214439040
ofs,16384,15,8,370624576
ofs,16384,15,16,370624576
ofs,16384,15,32,370624576
omap,16384,0,0,46660208
ofs,16384,16,1,214439040
ofs,16384,16,8,370624576
ofs,16384,16,16,370624576
ofs,16384,16,32,370624576
omap,16384,0,0,93321840
ofs,16384,17,1,214439040
ofs,16384,17,8,370624576
ofs,16384,17,16,370624576
ofs,16384,17,32,370624576
omap,16384,0,0,186645104
ofs,16384,18,1,214439040
ofs,16384,18,8,370624576
ofs,16384,18,16,370624576
ofs,16384,18,32,370624576
omap,16384,0,0,373291632
ofs,16384,19,1,214439040
ofs,16384,19,8,370624576
ofs,16384,19,16,370624576
ofs,16384,19,32,370624576
omap,16384,0,0,746584688
ofs,16384,20,1,214439040
ofs,16384,20,8,370624576
ofs,16384,20,16,370624576
ofs,16384,20,32,370624576
omap,16384,0,0,1493170800
ofs,16384,21,1,214439040
ofs,16384,21,8,370624576
ofs,16384,21,16,370624576
ofs,16384,21,32,370624576
omap,16384,0,0,2986343024
ofs,16384,22,1,214439040
ofs,16384,22,8,370624576
ofs,16384,22,16,370624576
ofs,16384,22,32,370624576
omap,16384,0,0,5972687472
ofs,16384,23,1,214439040
ofs,16384,23,8,370624576
ofs,16384,23,16,370624576
ofs,16384,23,32,370624576
omap,16384,0,0,11945376368
ofs,16384,24,1,214439040
ofs,16384,24,8,370624576
ofs,16384,24,16,370624576
ofs,16384,24,32,370624576
omap,16384,0,0,23890754160
ofs,32768,1,1,26082880
ofs,32768,1,8,26082880
ofs,32768,1,16,26082880
ofs,32768,1,32,26082880
omap,32768,0,0,1424
ofs,32768,2,1,82704256
ofs,32768,2,8,82704256
ofs,32768,2,16,82704256
ofs,32768,2,32,82704256
omap,32768,0,0,4272
ofs,32768,3,1,162872752
ofs,32768,3,8,163524016
ofs,32768,3,16,163524016
ofs,32768,3,32,163840432
omap,32768,0,0,9968
ofs,32768,4,1,163840432
ofs,32768,4,8,244523488
ofs,32768,4,16,244898272
ofs,32768,4,32,245868256
omap,32768,0,0,21360
ofs,32768,5,1,244523488
ofs,32768,5,8,325652752
ofs,32768,5,16,326313232
ofs,32768,5,32,326629648
omap,32768,0,0,44144
ofs,32768,6,1,325652752
ofs,32768,6,8,328914832
ofs,32768,6,16,408937408
ofs,32768,6,32,409874368
omap,32768,0,0,89712
ofs,32768,7,1,326629648
ofs,32768,7,8,409874368
ofs,32768,7,16,489757168
ofs,32768,7,32,491704048
omap,32768,0,0,180848
ofs,32768,8,1,409213888
ofs,32768,8,8,491043568
ofs,32768,8,16,571488544
ofs,32768,8,32,576183904
omap,32768,0,0,363120
ofs,32768,9,1,489382384
ofs,32768,9,8,571488544
ofs,32768,9,16,576844384
ofs,32768,9,32,656945296
omap,32768,0,0,727664
ofs,32768,10,1,491704048
ofs,32768,10,8,656668816
ofs,32768,10,16,659230480
ofs,32768,10,32,740883520
omap,32768,0,0,1456752
ofs,32768,11,1,571488544
ofs,32768,11,8,659890960
ofs,32768,11,16,740883520
ofs,32768,11,32,822019696
omap,32768,0,0,2914928
ofs,32768,12,1,577160800
ofs,32768,12,8,741199936
ofs,32768,12,16,822019696
ofs,32768,12,32,822019696
omap,32768,0,0,5831280
ofs,32768,13,1,656945296
ofs,32768,13,8,822019696
ofs,32768,13,16,822019696
ofs,32768,13,32,822019696
omap,32768,0,0,11663984
ofs,32768,14,1,740368960
ofs,32768,14,8,822019696
ofs,32768,14,16,822019696
ofs,32768,14,32,822019696
omap,32768,0,0,23329392
ofs,32768,15,1,741476416
ofs,32768,15,8,822019696
ofs,32768,15,16,822019696
ofs,32768,15,32,822019696
omap,32768,0,0,46660208
ofs,32768,16,1,468210528
ofs,32768,16,8,822019696
ofs,32768,16,16,822019696
ofs,32768,16,32,822019696
omap,32768,0,0,93321840
ofs,32768,17,1,468210528
ofs,32768,17,8,822019696
ofs,32768,17,16,822019696
ofs,32768,17,32,822019696
omap,32768,0,0,186645104
ofs,32768,18,1,468210528
ofs,32768,18,8,822019696
ofs,32768,18,16,822019696
ofs,32768,18,32,822019696
omap,32768,0,0,373291632
ofs,32768,19,1,468210528
ofs,32768,19,8,822019696
ofs,32768,19,16,822019696
ofs,32768,19,32,822019696
omap,32768,0,0,746584688
ofs,32768,20,1,468210528
ofs,32768,20,8,822019696
ofs,32768,20,16,822019696
ofs,32768,20,32,822019696
omap,32768,0,0,1493170800
ofs,32768,21,1,468210528
ofs,32768,21,8,822019696
ofs,32768,21,16,822019696
ofs,32768,21,32,822019696
omap,32768,0,0,2986343024
ofs,32768,22,1,468210528
ofs,32768,22,8,822019696
ofs,32768,22,16,822019696
ofs,32768,22,32,822019696
omap,32768,0,0,5972687472
ofs,32768,23,1,468210528
ofs,32768,23,8,822019696
ofs,32768,23,16,822019696
ofs,32768,23,32,822019696
omap,32768,0,0,11945376368
ofs,32768,24,1,468210528
ofs,32768,24,8,822019696
ofs,32768,24,16,822019696
ofs,32768,24,32,822019696
omap,32768,0,0,23890754160
ofs,65536,1,1,52166208
ofs,65536,1,8,52166208
ofs,65536,1,16,52166208
ofs,65536,1,32,52166208
omap,65536,0,0,1424
ofs,65536,2,1,165410688
ofs,65536,2,8,165410688
ofs,65536,2,16,165410688
ofs,65536,2,32,165410688
omap,65536,0,0,4272
ofs,65536,3,1,326378928
ofs,65536,3,8,326813104
ofs,65536,3,16,327208368
ofs,65536,3,32,327208368
omap,65536,0,0,9968
ofs,65536,4,1,327762352
ofs,65536,4,8,489030112
ofs,65536,4,16,489720288
ofs,65536,4,32,490154464
omap,65536,0,0,21360
ofs,65536,5,1,489720288
ofs,65536,5,8,651061520
ofs,65536,5,16,652748048
ofs,65536,5,32,653438224
omap,65536,0,0,44144
ofs,65536,6,1,651456784
ofs,65536,6,8,812979008
ofs,65536,6,16,817224128
ofs,65536,6,32,819505088
omap,65536,0,0,89712
ofs,65536,7,1,653992208
ofs,65536,7,8,819505088
ofs,65536,7,16,979577328
ofs,65536,7,32,981302768
omap,65536,0,0,180848
ofs,65536,8,1,818515392
ofs,65536,8,8,981302768
ofs,65536,8,16,1142763808
ofs,65536,8,32,1145140512
omap,65536,0,0,363120
ofs,65536,9,1,979577328
ofs,65536,9,8,1143453984
ofs,65536,9,16,1145140512
ofs,65536,9,32,1313848464
omap,65536,0,0,727664
ofs,65536,10,1,981856752
ofs,65536,10,8,1313158288
ofs,65536,10,16,1315693712
ofs,65536,10,32,1479320896
omap,65536,0,0,1456752
ofs,65536,11,1,1143849248
ofs,65536,11,8,1475075776
ofs,65536,11,16,1480011072
ofs,65536,11,32,1643199088
omap,65536,0,0,2914928
ofs,65536,12,1,1313158288
ofs,65536,12,8,1481302336
ofs,65536,12,16,1643753072
ofs,65536,12,32,1805550752
omap,65536,0,0,5831280
ofs,65536,13,1,1315693712
ofs,65536,13,8,1644148336
ofs,65536,13,16,1805550752
ofs,65536,13,32,1805550752
omap,65536,0,0,11663984
ofs,65536,14,1,1479320896
ofs,65536,14,8,1805550752
ofs,65536,14,16,1805550752
ofs,65536,14,32,1805550752
omap,65536,0,0,23329392
ofs,65536,15,1,1642209392
ofs,65536,15,8,1805550752
ofs,65536,15,16,1805550752
ofs,65536,15,32,1805550752
omap,65536,0,0,46660208
ofs,65536,16,1,1644582512
ofs,65536,16,8,1805550752
ofs,65536,16,16,1805550752
ofs,65536,16,32,1805550752
omap,65536,0,0,93321840
ofs,65536,17,1,1015075392
ofs,65536,17,8,1805550752
ofs,65536,17,16,1805550752
ofs,65536,17,32,1805550752
omap,65536,0,0,186645104
ofs,65536,18,1,1015075392
ofs,65536,18,8,1805550752
ofs,65536,18,16,1805550752
ofs,65536,18,32,1805550752
omap,65536,0,0,373291632
ofs,65536,19,1,1015075392
ofs,65536,19,8,1805550752
ofs,65536,19,16,1805550752
ofs,65536,19,32,1805550752
omap,65536,0,0,746584688
ofs,65536,20,1,1015075392
ofs,65536,20,8,1805550752
ofs,65536,20,16,1805550752
ofs,65536,20,32,1805550752
omap,65536,0,0,1493170800
ofs,65536,21,1,1015075392
ofs,65536,21,8,1805550752
ofs,65536,21,16,1805550752
ofs,65536,21,32,1805550752
omap,65536,0,0,2986343024
ofs,65536,22,1,1015075392
ofs,65536,22,8,1805550752
ofs,65536,22,16,1805550752
ofs,65536,22,32,1805550752
omap,65536,0,0,5972687472
ofs,65536,23,1,1015075392
ofs,65536,23,8,1805550752
ofs,65536,23,16,1805550752
ofs,65536,23,32,1805550752
omap,65536,0,0,11945376368
ofs,65536,24,1,1015075392
ofs,65536,24,8,1805550752
ofs,65536,24,16,1805550752
ofs,65536,24,32,1805550752
omap,65536,0,0,23890754160
ofs,131072,1,1,104332864
ofs,131072,1,8,104332864
ofs,131072,1,16,104332864
ofs,131072,1,32,104332864
omap,131072,0,0,1424
ofs,131072,2,1,330823552
ofs,131072,2,8,330823552
ofs,131072,2,16,330823552
ofs,131072,2,32,330823552
omap,131072,0,0,4272
ofs,131072,3,1,652641712
ofs,131072,3,8,653944240
ofs,131072,3,16,653944240
ofs,131072,3,32,654577072
omap,131072,0,0,9968
ofs,131072,4,1,972521440
ofs,131072,4,8,977424352
ofs,131072,4,16,979364320
ofs,131072,4,32,980113888
omap,131072,0,0,21360
ofs,131072,5,1,979364320
ofs,131072,5,8,1298611216
ofs,131072,5,16,1304984848
ofs,131072,5,32,1306938640
omap,131072,0,0,44144
ofs,131072,6,1,1304984848
ofs,131072,6,8,1625632576
ofs,131072,6,16,1629214528
ofs,131072,6,32,1637379520
omap,131072,0,0,89712
ofs,131072,7,1,1625632576
ofs,131072,7,8,1638700480
ofs,131072,7,16,1958584816
ofs,131072,7,32,1962520048
omap,131072,0,0,180848
ofs,131072,8,1,1637379520
ofs,131072,8,8,1962520048
ofs,131072,8,16,2282338336
ofs,131072,8,32,2289741088
omap,131072,0,0,363120
ofs,131072,9,1,1959217648
ofs,131072,9,8,2283367456
ofs,131072,9,16,2608435024
ofs,131072,9,32,2610388816
omap,131072,0,0,727664
ofs,131072,10,1,2281785376
ofs,131072,10,8,2610388816
ofs,131072,10,16,2630643856
ofs,131072,10,32,2951687872
omap,131072,0,0,1456752
ofs,131072,11,1,2289741088
ofs,131072,11,8,2949337792
ofs,131072,11,16,2954873536
ofs,131072,11,32,3281732464
omap,131072,0,0,2914928
ofs,131072,12,1,2610388816
ofs,131072,12,8,3272817904
ofs,131072,12,16,3283053424
ofs,131072,12,32,3610340512
omap,131072,0,0,5831280
ofs,131072,13,1,2948588224
ofs,131072,13,8,3283053424
ofs,131072,13,16,3610973344
ofs,131072,13,32,3934094032
omap,131072,0,0,11663984
ofs,131072,14,1,2954240704
ofs,131072,14,8,3610973344
ofs,131072,14,16,3934094032
ofs,131072,14,32,3934094032
omap,131072,0,0,23329392
ofs,131072,15,1,3280982896
ofs,131072,15,8,3934094032
ofs,131072,15,16,3934094032
ofs,131072,15,32,3934094032
omap,131072,0,0,46660208
ofs,131072,16,1,3607371424
ofs,131072,16,8,3934094032
ofs,131072,16,16,3934094032
ofs,131072,16,32,3934094032
omap,131072,0,0,93321840
ofs,131072,17,1,3611526304
ofs,131072,17,8,3934094032
ofs,131072,17,16,3934094032
ofs,131072,17,32,3934094032
omap,131072,0,0,186645104
ofs,131072,18,1,2187448608
ofs,131072,18,8,3934094032
ofs,131072,18,16,3934094032
ofs,131072,18,32,3934094032
omap,131072,0,0,373291632
ofs,131072,19,1,2187448608
ofs,131072,19,8,3934094032
ofs,131072,19,16,3934094032
ofs,131072,19,32,3934094032
omap,131072,0,0,746584688
ofs,131072,20,1,2187448608
ofs,131072,20,8,3934094032
ofs,131072,20,16,3934094032
ofs,131072,20,32,3934094032
omap,131072,0,0,1493170800
ofs,131072,21,1,2187448608
ofs,131072,21,8,3934094032
ofs,131072,21,16,3934094032
ofs,131072,21,32,3934094032
omap,131072,0,0,2986343024
ofs,131072,22,1,2187448608
ofs,131072,22,8,3934094032
ofs,131072,22,16,3934094032
ofs,131072,22,32,3934094032
omap,131072,0,0,5972687472
ofs,131072,23,1,2187448608
ofs,131072,23,8,3934094032
ofs,131072,23,16,3934094032
ofs,131072,23,32,3934094032
omap,131072,0,0,11945376368
ofs,131072,24,1,2187448608
ofs,131072,24,8,3934094032
ofs,131072,24,16,3934094032
ofs,131072,24,32,3934094032
omap,131072,0,0,23890754160
ofs,262144,1,1,208666176
ofs,262144,1,8,208666176
ofs,262144,1,16,208666176
ofs,262144,1,32,208666176
omap,262144,0,0,1424
ofs,262144,2,1,661649280
ofs,262144,2,8,661649280
ofs,262144,2,16,661649280
ofs,262144,2,32,661649280
omap,262144,0,0,4272
ofs,262144,3,1,1306547632
ofs,262144,3,8,1307415984
ofs,262144,3,16,1308206512
ofs,262144,3,32,1308206512
omap,262144,0,0,9968
ofs,262144,4,1,1945173984
ofs,262144,4,8,1954811872
ofs,262144,4,16,1956192224
ofs,262144,4,32,1960032736
omap,262144,0,0,21360
ofs,262144,5,1,1956192224
ofs,262144,5,8,2601836560
ofs,262144,5,16,2602627088
ofs,262144,5,32,2612831504
omap,262144,0,0,44144
ofs,262144,6,1,2602627088
ofs,262144,6,8,3251179328
ofs,262144,6,16,3257123648
ofs,262144,6,32,3261685568
omap,262144,0,0,89712
ofs,262144,7,1,3251179328
ofs,262144,7,8,3261685568
ofs,262144,7,16,3914930160
ofs,262144,7,32,3923846640
omap,262144,0,0,180848
ofs,262144,8,1,3261685568
ofs,262144,8,8,3924954608
ofs,262144,8,16,4564264992
ofs,262144,8,32,4571511840
omap,262144,0,0,363120
ofs,262144,9,1,3920006128
ofs,262144,9,8,4570721312
ofs,262144,9,16,5209350736
ofs,262144,9,32,5225499472
omap,262144,0,0,727664
ofs,262144,10,1,4564264992
ofs,262144,10,8,5220423504
ofs,262144,10,16,5863847296
ofs,262144,10,32,5901474496
omap,262144,0,0,1456752
ofs,262144,11,1,4573491232
ofs,262144,11,8,5863847296
ofs,262144,11,16,5907418816
ofs,262144,11,32,6550328560
omap,262144,0,0,2914928
ofs,262144,12,1,5225499472
ofs,262144,12,8,6545257712
ofs,262144,12,16,6555404528
ofs,262144,12,32,7209517472
omap,262144,0,0,5831280
ofs,262144,13,1,5863847296
ofs,262144,13,8,6555404528
ofs,262144,13,16,7209517472
ofs,262144,13,32,7867585232
omap,262144,0,0,11663984
ofs,262144,14,1,6543278320
ofs,262144,14,8,7219721888
ofs,262144,14,16,7867585232
ofs,262144,14,32,8514142464
omap,262144,0,0,23329392
ofs,262144,15,1,6550328560
ofs,262144,15,8,7867585232
ofs,262144,15,16,8514142464
ofs,262144,15,32,8514142464
omap,262144,0,0,46660208
ofs,262144,16,1,7208137120
ofs,262144,16,8,8514142464
ofs,262144,16,16,8514142464
ofs,262144,16,32,8514142464
omap,262144,0,0,93321840
ofs,262144,17,1,7860657360
ofs,262144,17,8,8514142464
ofs,262144,17,16,8514142464
ofs,262144,17,32,8514142464
omap,262144,0,0,186645104
ofs,262144,18,1,7869244112
ofs,262144,18,8,8514142464
ofs,262144,18,16,8514142464
ofs,262144,18,32,8514142464
omap,262144,0,0,373291632
ofs,262144,19,1,4689481728
ofs,262144,19,8,8514142464
ofs,262144,19,16,8514142464
ofs,262144,19,32,8514142464
omap,262144,0,0,746584688
ofs,262144,20,1,4689481728
ofs,262144,20,8,8514142464
ofs,262144,20,16,8514142464
ofs,262144,20,32,8514142464
omap,262144,0,0,1493170800
ofs,262144,21,1,4689481728
ofs,262144,21,8,8514142464
ofs,262144,21,16,8514142464
ofs,262144,21,32,8514142464
omap,262144,0,0,2986343024
ofs,262144,22,1,4689481728
ofs,262144,22,8,8514142464
ofs,262144,22,16,8514142464
ofs,262144,22,32,8514142464
omap,262144,0,0,5972687472
ofs,262144,23,1,4689481728
ofs,262144,23,8,8514142464
ofs,262144,23,16,8514142464
ofs,262144,23,32,8514142464
omap,262144,0,0,11945376368
ofs,262144,24,1,4689481728
ofs,262144,24,8,8514142464
ofs,262144,24,16,8514142464
ofs,262144,24,32,8514142464
omap,262144,0,0,23890754160
ofs,524288,1,1,417332800
ofs,524288,1,8,417332800
ofs,524288,1,16,417332800
ofs,524288,1,32,417332800
omap,524288,0,0,1424
ofs,524288,2,1,1323300736
ofs,524288,2,8,1323300736
ofs,524288,2,16,1323300736
ofs,524288,2,32,1323300736
omap,524288,0,0,4272
ofs,524288,3,1,2612860336
ofs,524288,3,8,2615465392
ofs,524288,3,16,2615465392
ofs,524288,3,32,2616731056
omap,524288,0,0,9968
ofs,524288,4,1,3890479072
ofs,524288,4,8,3909586912
ofs,524288,4,16,3912228832
ofs,524288,4,32,3913727968
omap,524288,0,0,21360
ofs,524288,5,1,3912228832
ofs,524288,5,8,5204287504
ofs,524288,5,16,5209393168
ofs,524288,5,32,5210658832
omap,524288,0,0,44144
ofs,524288,6,1,5209393168
ofs,524288,6,8,6502272832
ofs,524288,6,16,6513894208
ofs,524288,6,32,6520105792
omap,524288,0,0,89712
ofs,524288,7,1,6502272832
ofs,524288,7,8,7795675504
ofs,524288,7,16,7798317424
ofs,524288,7,32,7841623024
omap,524288,0,0,180848
ofs,524288,8,1,6523985728
ofs,524288,8,8,7846728688
ofs,524288,8,16,9128118304
ofs,524288,8,32,9141988384
omap,524288,0,0,363120
ofs,524288,9,1,7840123888
ofs,524288,9,8,9141988384
ofs,524288,9,16,10420282960
ofs,524288,9,32,10435550800
omap,524288,0,0,727664
ofs,524288,10,1,9129224224
ofs,524288,10,8,10435550800
ofs,524288,10,16,11726212480
ofs,524288,10,32,11744997760
omap,524288,0,0,1456752
ofs,524288,11,1,10418783824
ofs,524288,11,8,11733376384
ofs,524288,11,16,11744997760
ofs,524288,11,32,13095270640
omap,524288,0,0,2914928
ofs,524288,12,1,10453416784
ofs,524288,12,8,13089059056
ofs,524288,12,16,13109272816
ofs,524288,12,32,14392267552
omap,524288,0,0,5831280
ofs,524288,13,1,11734875520
ofs,524288,13,8,14382461728
ofs,524288,13,16,14392267552
ofs,524288,13,32,15708368848
omap,524288,0,0,11663984
ofs,524288,14,1,13089059056
ofs,524288,14,8,14434074016
ofs,524288,14,16,15726234832
ofs,524288,14,32,17026732288
omap,524288,0,0,23329392
ofs,524288,15,1,13110771952
ofs,524288,15,8,15731340496
ofs,524288,15,16,17026732288
ofs,524288,15,32,18320162608
omap,524288,0,0,46660208
ofs,524288,16,1,14392267552
ofs,524288,16,8,17027997952
ofs,524288,16,16,18320162608
ofs,524288,16,32,18320162608
omap,524288,0,0,93321840
ofs,524288,17,1,15706869712
ofs,524288,17,8,18320162608
ofs,524288,17,16,18320162608
ofs,524288,17,32,18320162608
omap,524288,0,0,186645104
ofs,524288,18,1,17020794112
ofs,524288,18,8,18320162608
ofs,524288,18,16,18320162608
ofs,524288,18,32,18320162608
omap,524288,0,0,373291632
ofs,524288,19,1,17030603008
ofs,524288,19,8,18320162608
ofs,524288,19,16,18320162608
ofs,524288,19,32,18320162608
omap,524288,0,0,746584688
ofs,524288,20,1,10008121056
ofs,524288,20,8,18320162608
ofs,524288,20,16,18320162608
ofs,524288,20,32,18320162608
omap,524288,0,0,1493170800
ofs,524288,21,1,10008121056
ofs,524288,21,8,18320162608
ofs,524288,21,16,18320162608
ofs,524288,21,32,18320162608
omap,524288,0,0,2986343024
ofs,524288,22,1,10008121056
ofs,524288,22,8,18320162608
ofs,524288,22,16,18320162608
ofs,524288,22,32,18320162608
omap,524288,0,0,5972687472
ofs,524288,23,1,10008121056
ofs,524288,23,8,18320162608
ofs,524288,23,16,18320162608
ofs,524288,23,32,18320162608
omap,524288,0,0,11945376368
ofs,524288,24,1,10008121056
ofs,524288,24,8,18320162608
ofs,524288,24,16,18320162608
ofs,524288,24,32,18320162608
omap,524288,0,0,23890754160
ofs,1048576,1,1,834666048
ofs,1048576,1,8,834666048
ofs,1048576,1,16,834666048
ofs,1048576,1,32,834666048
omap,1048576,0,0,1424
ofs,1048576,2,1,2646603648
ofs,1048576,2,8,2646603648
ofs,1048576,2,16,2646603648
ofs,1048576,2,32,2646603648
omap,1048576,0,0,4272
ofs,1048576,3,1,5228246448
ofs,1048576,3,8,5229983152
ofs,1048576,3,16,5231564208
ofs,1048576,3,32,5231564208
omap,1048576,0,0,9968
ofs,1048576,4,1,7797345248
ofs,1048576,4,8,7816621024
ofs,1048576,4,16,7824302048
ofs,1048576,4,32,7827062752
omap,1048576,0,0,21360
ofs,1048576,5,1,7827062752
ofs,1048576,5,8,10407608336
ofs,1048576,5,16,10419341328
ofs,1048576,5,32,10424506384
omap,1048576,0,0,44144
ofs,1048576,6,1,10419341328
ofs,1048576,6,8,13003261760
ofs,1048576,6,16,13027435328
ofs,1048576,6,32,13039323968
omap,1048576,0,0,89712
ofs,1048576,7,1,13023476544
ofs,1048576,7,8,15589420400
ofs,1048576,7,16,15617316208
ofs,1048576,7,32,15620076912
omap,1048576,0,0,180848
ofs,1048576,8,1,15587839344
ofs,1048576,8,8,15693272048
ofs,1048576,8,16,18243524128
ofs,1048576,8,32,18282941472
omap,1048576,0,0,363120
ofs,1048576,9,1,15620076912
ofs,1048576,9,8,18282941472
ofs,1048576,9,16,20840785488
ofs,1048576,9,32,20867902032
omap,1048576,0,0,727664
ofs,1048576,10,1,18278982688
ofs,1048576,10,8,20867902032
ofs,1048576,10,16,23431301248
ofs,1048576,10,32,23486286208
omap,1048576,0,0,1456752
ofs,1048576,11,1,20840785488
ofs,1048576,11,8,23464490368
ofs,1048576,11,16,26038760368
ofs,1048576,11,32,26050649008
omap,1048576,0,0,2914928
ofs,1048576,12,1,20877798992
ofs,1048576,12,8,26050649008
ofs,1048576,12,16,26212723952
ofs,1048576,12,32,28780653344
omap,1048576,0,0,5831280
ofs,1048576,13,1,23486286208
ofs,1048576,13,8,28761239328
ofs,1048576,13,16,28802604832
ofs,1048576,13,32,31357839696
omap,1048576,0,0,11663984
ofs,1048576,14,1,26050649008
ofs,1048576,14,8,31348715856
ofs,1048576,14,16,31431034832
ofs,1048576,14,32,34031106816
omap,1048576,0,0,23329392
ofs,1048576,15,1,28761239328
ofs,1048576,15,8,31451249616
ofs,1048576,15,16,34036271872
ofs,1048576,15,32,36636872496
omap,1048576,0,0,46660208
ofs,1048576,16,1,28802604832
ofs,1048576,16,8,34046423808
ofs,1048576,16,16,36639088432
ofs,1048576,16,32,39224048992
omap,1048576,0,0,93321840
ofs,1048576,17,1,31357839696
ofs,1048576,17,8,36639088432
ofs,1048576,17,16,39224048992
ofs,1048576,17,32,39224048992
omap,1048576,0,0,186645104
ofs,1048576,18,1,33997917696
ofs,1048576,18,8,39224048992
ofs,1048576,18,16,39224048992
ofs,1048576,18,32,39224048992
omap,1048576,0,0,373291632
ofs,1048576,19,1,36625232688
ofs,1048576,19,8,39224048992
ofs,1048576,19,16,39224048992
ofs,1048576,19,32,39224048992
omap,1048576,0,0,746584688
ofs,1048576,20,1,36642406192
ofs,1048576,20,8,39224048992
ofs,1048576,20,16,39224048992
ofs,1048576,20,32,39224048992
omap,1048576,0,0,1493170800
ofs,1048576,21,1,21274545600
ofs,1048576,21,8,39224048992
ofs,1048576,21,16,39224048992
ofs,1048576,21,32,39224048992
omap,1048576,0,0,2986343024
ofs,1048576,22,1,21274545600
ofs,1048576,22,8,39224048992
ofs,1048576,22,16,39224048992
ofs,1048576,22,32,39224048992
omap,1048576,0,0,5972687472
ofs,1048576,23,1,21274545600
ofs,1048576,23,8,39224048992
ofs,1048576,23,16,39224048992
ofs,1048576,23,32,39224048992
omap,1048576,0,0,11945376368
ofs,1048576,24,1,21274545600
ofs,1048576,24,8,39224048992
ofs,1048576,24,16,39224048992
ofs,1048576,24,32,39224048992
omap,1048576,0,0,23890754160
ofs,2097152,1,1,1669332544
ofs,2097152,1,8,1669332544
ofs,2097152,1,16,1669332544
ofs,2097152,1,32,1669332544
omap,2097152,0,0,1424
ofs,2097152,2,1,5293209472
ofs,2097152,2,8,5293209472
ofs,2097152,2,16,5293209472
ofs,2097152,2,32,5293209472
omap,2097152,0,0,4272
ofs,2097152,3,1,10456020400
ofs,2097152,3,8,10461230512
ofs,2097152,3,16,10461230512
ofs,2097152,3,32,10463761840
omap,2097152,0,0,9968
ofs,2097152,4,1,15594949600
ofs,2097152,4,8,15633165280
ofs,2097152,4,16,15638449120
ofs,2097152,4,32,15653732320
omap,2097152,0,0,21360
ofs,2097152,5,1,15653732320
ofs,2097152,5,8,20786013712
ofs,2097152,5,16,20836706320
ofs,2097152,5,32,20849448976
omap,2097152,0,0,44144
ofs,2097152,6,1,20839237648
ofs,2097152,6,8,25985920576
ofs,2097152,6,16,26049755968
ofs,2097152,6,32,26077760320
omap,2097152,0,0,89712
ofs,2097152,7,1,25985920576
ofs,2097152,7,8,31176854896
ofs,2097152,7,16,31225069936
ofs,2097152,7,32,31260597616
omap,2097152,0,0,180848
ofs,2097152,8,1,31176854896
ofs,2097152,8,8,36350267296
ofs,2097152,8,16,36486239776
ofs,2097152,8,32,36534135328
omap,2097152,0,0,363120
ofs,2097152,9,1,31260597616
ofs,2097152,9,8,36534135328
ofs,2097152,9,16,41679259216
ofs,2097152,9,32,41735400016
omap,2097152,0,0,727664
ofs,2097152,10,1,36528851488
ofs,2097152,10,8,41735400016
ofs,2097152,10,16,46849811584
ofs,2097152,10,32,46919822464
omap,2097152,0,0,1456752
ofs,2097152,11,1,41684788816
ofs,2097152,11,8,46909611136
ofs,2097152,11,16,52070329264
ofs,2097152,11,32,52146548656
omap,2097152,0,0,2914928
ofs,2097152,12,1,46847599744
ofs,2097152,12,8,52098388912
ofs,2097152,12,16,57245643232
ofs,2097152,12,32,57546725152
omap,2097152,0,0,5831280
ofs,2097152,13,1,46919822464
ofs,2097152,13,8,57245643232
ofs,2097152,13,16,57592408864
ofs,2097152,13,32,62729562448
omap,2097152,0,0,11663984
ofs,2097152,14,1,52106148784
ofs,2097152,14,8,62691822928
ofs,2097152,14,16,62772960592
ofs,2097152,14,32,68008648192
omap,2097152,0,0,23329392
ofs,2097152,15,1,57245643232
ofs,2097152,15,8,67867391872
ofs,2097152,15,16,68028892672
ofs,2097152,15,32,73229826352
omap,2097152,0,0,46660208
ofs,2097152,16,1,62681611600
ofs,2097152,16,8,68071823872
ofs,2097152,16,16,73240037680
ofs,2097152,16,32,78444961120
omap,2097152,0,0,93321840
ofs,2097152,17,1,62769962320
ofs,2097152,17,8,73240037680
ofs,2097152,17,16,78444961120
ofs,2097152,17,32,83615513488
omap,2097152,0,0,186645104
ofs,2097152,18,1,68008648192
ofs,2097152,18,8,78447492448
ofs,2097152,18,16,83615513488
ofs,2097152,18,32,83615513488
omap,2097152,0,0,373291632
ofs,2097152,19,1,73224542512
ofs,2097152,19,8,83615513488
ofs,2097152,19,16,83615513488
ofs,2097152,19,32,83615513488
omap,2097152,0,0,746584688
ofs,2097152,20,1,78417801568
ofs,2097152,20,8,83615513488
ofs,2097152,20,16,83615513488
ofs,2097152,20,32,83615513488
omap,2097152,0,0,1493170800
ofs,2097152,21,1,78452702560
ofs,2097152,21,8,83615513488
ofs,2097152,21,16,83615513488
ofs,2097152,21,32,83615513488
omap,2097152,0,0,2986343024
ofs,2097152,22,1,45065686176
ofs,2097152,22,8,83615513488
ofs,2097152,22,16,83615513488
ofs,2097152,22,32,83615513488
omap,2097152,0,0,5972687472
ofs,2097152,23,1,45065686176
ofs,2097152,23,8,83615513488
ofs,2097152,23,16,83615513488
ofs,2097152,23,32,83615513488
omap,2097152,0,0,11945376368
ofs,2097152,24,1,45065686176
ofs,2097152,24,8,83615513488
ofs,2097152,24,16,83615513488
ofs,2097152,24,32,83615513488
omap,2097152,0,0,23890754160
ofs,4194304,1,1,3338665536
ofs,4194304,1,8,3338665536
ofs,4194304,1,16,3338665536
ofs,4194304,1,32,3338665536
omap,4194304,0,0,1424
ofs,4194304,2,1,10586421120
ofs,4194304,2,8,10586421120
ofs,4194304,2,16,10586421120
ofs,4194304,2,32,10586421120
omap,4194304,0,0,4272
ofs,4194304,3,1,20917089712
ofs,4194304,3,8,20920563120
ofs,4194304,3,16,20923725232
ofs,4194304,3,32,20923725232
omap,4194304,0,0,9968
ofs,4194304,4,1,31190158304
ofs,4194304,4,8,31266253792
ofs,4194304,4,16,31276583904
ofs,4194304,4,32,31282105312
omap,4194304,0,0,21360
ofs,4194304,5,1,31282105312
ofs,4194304,5,8,41610579472
ofs,4194304,5,16,41613741584
ofs,4194304,5,32,41694902288
omap,4194304,0,0,44144
ofs,4194304,6,1,41694902288
ofs,4194304,6,8,51969269312
ofs,4194304,6,16,52017616448
ofs,4194304,6,32,52142744384
omap,4194304,0,0,89712
ofs,4194304,7,1,51977186880
ofs,4194304,7,8,62351723888
ofs,4194304,7,16,62445986160
ofs,4194304,7,32,62496369008
omap,4194304,0,0,180848
ofs,4194304,8,1,62354886000
ofs,4194304,8,8,72700170144
ofs,4194304,8,16,72804717472
ofs,4194304,8,32,73066244640
omap,4194304,0,0,363120
ofs,4194304,9,1,62496369008
ofs,4194304,9,8,73106674208
ofs,4194304,9,16,83288671312
ofs,4194304,9,32,83465964112
omap,4194304,0,0,727664
ofs,4194304,10,1,73066244640
ofs,4194304,10,8,83470395984
ofs,4194304,10,16,93697942656
ofs,4194304,10,32,93807700096
omap,4194304,0,0,1456752
ofs,4194304,11,1,83450602064
ofs,4194304,11,8,93804537984
ofs,4194304,11,16,104059848368
ofs,4194304,11,32,104276076464
omap,4194304,0,0,2914928
ofs,4194304,12,1,93697942656
ofs,4194304,12,8,104195306416
ofs,4194304,12,16,114479647200
ofs,4194304,12,32,114629701088
omap,4194304,0,0,5831280
ofs,4194304,13,1,93815617664
ofs,4194304,13,8,114538600928
ofs,4194304,13,16,114629701088
ofs,4194304,13,32,125428061520
omap,4194304,0,0,11663984
ofs,4194304,14,1,104280508336
ofs,4194304,14,8,125382110544
ofs,4194304,14,16,125523593552
ofs,4194304,14,32,135794763648
omap,4194304,0,0,23329392
ofs,4194304,15,1,114538600928
ofs,4194304,15,8,135730556800
ofs,4194304,15,16,135890895744
ofs,4194304,15,32,146351561776
omap,4194304,0,0,46660208
ofs,4194304,16,1,125382110544
ofs,4194304,16,8,146069730736
ofs,4194304,16,16,146396423216
ofs,4194304,16,32,156794648416
omap,4194304,0,0,93321840
ofs,4194304,17,1,125523593552
ofs,4194304,17,8,146477193264
ofs,4194304,17,16,156794648416
ofs,4194304,17,32,167224089488
omap,4194304,0,0,186645104
ofs,4194304,18,1,135810125696
ofs,4194304,18,8,156875809120
ofs,4194304,18,16,167228521360
ofs,4194304,18,32,177565825472
omap,4194304,0,0,373291632
ofs,4194304,19,1,146351561776
ofs,4194304,19,8,167231683472
ofs,4194304,19,16,177565825472
ofs,4194304,19,32,177565825472
omap,4194304,0,0,746584688
ofs,4194304,20,1,156778796896
ofs,4194304,20,8,177565825472
ofs,4194304,20,16,177565825472
ofs,4194304,20,32,177565825472
omap,4194304,0,0,1493170800
ofs,4194304,21,1,167200809872
ofs,4194304,21,8,177565825472
ofs,4194304,21,16,177565825472
ofs,4194304,21,32,177565825472
omap,4194304,0,0,2986343024
ofs,4194304,22,1,167235156880
ofs,4194304,22,8,177565825472
ofs,4194304,22,16,177565825472
ofs,4194304,22,32,177565825472
omap,4194304,0,0,5972687472
ofs,4194304,23,1,95164550016
ofs,4194304,23,8,177565825472
ofs,4194304,23,16,177565825472
ofs,4194304,23,32,177565825472
omap,4194304,0,0,11945376368
ofs,4194304,24,1,95164550016
ofs,4194304,24,8,177565825472
ofs,4194304,24,16,177565825472
ofs,4194304,24,32,177565825472
omap,4194304,0,0,23890754160
ofs,8388608,1,1,6677331520
ofs,8388608,1,8,6677331520
ofs,8388608,1,16,6677331520
ofs,8388608,1,32,6677331520
omap,8388608,0,0,1424
ofs,8388608,2,1,21172844416
ofs,8388608,2,8,21172844416
ofs,8388608,2,16,21172844416
ofs,8388608,2,32,21172844416
omap,8388608,0,0,4272
ofs,8388608,3,1,41833231792
ofs,8388608,3,8,41843652016
ofs,8388608,3,16,41843652016
ofs,8388608,3,32,41848714672
omap,8388608,0,0,9968
ofs,8388608,4,1,62445855712
ofs,8388608,4,8,62522287072
ofs,8388608,4,16,62552853472
ofs,8388608,4,32,62563421152
omap,8388608,0,0,21360
ofs,8388608,5,1,82910019088
ofs,8388608,5,8,83223645712
ofs,8388608,5,16,83264134672
ofs,8388608,5,32,83269197328
omap,8388608,0,0,44144
ofs,8388608,6,1,83269197328
ofs,8388608,6,8,103938203200
ofs,8388608,6,16,104024999488
ofs,8388608,6,32,104081008192
omap,8388608,0,0,89712
ofs,8388608,7,1,104019002944
ofs,8388608,7,8,124695741808
ofs,8388608,7,16,124887818608
ofs,8388608,7,32,124984248688
omap,8388608,0,0,180848
ofs,8388608,8,1,124857252208
ofs,8388608,8,8,145377332128
ofs,8388608,8,16,145607971744
ofs,8388608,8,32,145713617824
omap,8388608,0,0,363120
ofs,8388608,9,1,145371335584
ofs,8388608,9,8,145713617824
ofs,8388608,9,16,166613341264
ofs,8388608,9,32,166785910864
omap,8388608,0,0,727664
ofs,8388608,10,1,145713617824
ofs,8388608,10,8,166928007760
ofs,8388608,10,16,187394204800
ofs,8388608,10,32,187611195520
omap,8388608,0,0,1456752
ofs,8388608,11,1,166785910864
ofs,8388608,11,8,187611195520
ofs,8388608,11,16,208065012400
ofs,8388608,11,32,208348490416
omap,8388608,0,0,2914928
ofs,8388608,12,1,187398628480
ofs,8388608,12,8,208308001456
ofs,8388608,12,16,228953369056
ofs,8388608,12,32,229230331360
omap,8388608,0,0,5831280
ofs,8388608,13,1,208065012400
ofs,8388608,13,8,229062824416
ofs,8388608,13,16,249653047312
ofs,8388608,13,32,249744414736
omap,8388608,0,0,11663984
ofs,8388608,14,1,208359058096
ofs,8388608,14,8,249744414736
ofs,8388608,14,16,251041048912
ofs,8388608,14,32,271533732736
omap,8388608,0,0,23329392
ofs,8388608,15,1,229224334816
ofs,8388608,15,8,271434132352
ofs,8388608,15,16,271761202048
ofs,8388608,15,32,292284501424
omap,8388608,0,0,46660208
ofs,8388608,16,1,249744414736
ofs,8388608,16,8,292128222640
ofs,8388608,16,16,292452008368
ofs,8388608,16,32,313380387424
omap,8388608,0,0,93321840
ofs,8388608,17,1,271428135808
ofs,8388608,17,8,292452008368
ofs,8388608,17,16,313461187168
ofs,8388608,17,32,334238635408
omap,8388608,0,0,186645104
ofs,8388608,18,1,271761202048
ofs,8388608,18,8,313627760224
ofs,8388608,18,16,334380732304
ofs,8388608,18,32,355125344704
omap,8388608,0,0,373291632
ofs,8388608,19,1,292290497968
ofs,8388608,19,8,334421221264
ofs,8388608,19,16,355130407360
ofs,8388608,19,32,375801214960
omap,8388608,0,0,746584688
ofs,8388608,20,1,313339898464
ofs,8388608,20,8,355130407360
ofs,8388608,20,16,375801214960
ofs,8388608,20,32,375801214960
omap,8388608,0,0,1493170800
ofs,8388608,21,1,334222071184
ofs,8388608,21,8,375801214960
ofs,8388608,21,16,375801214960
ofs,8388608,21,32,375801214960
omap,8388608,0,0,2986343024
ofs,8388608,22,1,334724427664
ofs,8388608,22,8,375801214960
ofs,8388608,22,16,375801214960
ofs,8388608,22,32,375801214960
omap,8388608,0,0,5972687472
ofs,8388608,23,1,355140827584
ofs,8388608,23,8,375801214960
ofs,8388608,23,16,375801214960
ofs,8388608,23,32,375801214960
omap,8388608,0,0,11945376368
ofs,8388608,24,1,200395442784
ofs,8388608,24,8,375801214960
ofs,8388608,24,16,375801214960
ofs,8388608,24,32,375801214960
omap,8388608,0,0,23890754160
